Date,Predicted_Close
2019-01-01,289.1138950609119
2019-01-02,289.9675910654329
2019-01-03,290.60341164509873
2019-01-04,291.0877689957864
2019-01-05,245.7213180391934
2019-01-06,246.16369719636563
2019-01-07,290.4012623100955
2019-01-08,292.0568019649704
2019-01-09,293.0457287694248
2019-01-10,293.771938097666
2019-01-11,294.30021918764254
2019-01-12,248.85666457078545
2019-01-13,249.2493684037858
2019-01-14,293.4627705123617
2019-01-15,294.98237693596303
2019-01-16,295.7945615347427
2019-01-17,296.3079181937048
2019-01-18,296.5921068259557
2019-01-19,250.80461118330925
2019-01-20,250.90772983243733
2019-01-21,294.88880448880417
2019-01-22,296.0998636590392
2019-01-23,296.60150238167523
2019-01-24,296.8092247193301
2019-01-25,296.7987944937728
2019-01-26,250.65921114518918
2019-01-27,250.50648310768872
2019-01-28,294.32917625628335
2019-01-29,295.34306517182955
2019-01-30,295.67972584042343
2019-01-31,295.75752604306564
2019-02-01,295.6537031700124
2019-02-02,249.38356701275268
2019-02-03,249.21166885334338
2019-02-04,293.12220833138974
2019-02-05,294.18885825564286
2019-02-06,294.6087634591226
2019-02-07,294.7978687385166
2019-02-08,294.82995359855505
2019-02-09,248.6420530113788
2019-02-10,248.6435944822605
2019-02-11,292.81113663635153
2019-02-12,294.0734492016969
2019-02-13,294.6915102489729
2019-02-14,295.07774471080023
2019-02-15,295.3021193799139
2019-02-16,249.22363890620053
2019-02-17,249.39788717442275
2019-02-18,293.7954343339585
2019-02-19,295.2021225978947
2019-02-20,295.94553217529597
2019-02-21,296.4375916338247
2019-02-22,296.74773996275513
2019-02-23,250.660275108336
2019-02-24,250.88067561295242
2019-02-25,295.37697087499254
2019-02-26,296.7951630345193
2019-02-27,297.5326329726962
2019-02-28,298.003603530265
2019-03-01,298.27941491492624
2019-03-02,252.07155944043083
2019-03-03,252.23723161566102
2019-03-04,296.7430395308942
2019-03-05,298.0955865892336
2019-03-06,298.76238952646196
2019-03-07,299.1597776845144
2019-03-08,299.3604307424271
2019-03-09,253.00203218578295
2019-03-10,253.0925891695946
2019-03-11,297.5959451361671
2019-03-12,298.8776164309502
2019-03-13,299.4738524802771
2019-03-14,299.8015956677581
2019-03-15,299.93345606994484
2019-03-16,253.43192464336718
2019-03-17,253.4549966583256
2019-03-18,297.9629203497323
2019-03-19,299.17934396813195
2019-03-20,299.70909606066573
2019-03-21,299.96976545067355
2019-03-22,300.0342143755943
2019-03-23,253.39021241410407
2019-03-24,253.3468146768294
2019-03-25,297.8616965776225
2019-03-26,299.01758545265005
2019-03-27,299.48926347382474
2019-03-28,299.69625828636117
2019-03-29,299.7129380753077
2019-03-30,252.95338137934047
2019-03-31,252.87893014207734
2019-04-01,297.44544314187453
2019-04-02,298.59498539492375
2019-04-03,299.07257192847743
2019-04-04,299.29948933719936
2019-04-05,299.3510613195185
2019-04-06,252.5666273161673
2019-04-07,252.55876042153943
2019-04-08,297.2798493542086
2019-04-09,298.5291035489388
2019-04-10,299.1196451305269
2019-04-11,299.472070040454
2019-04-12,299.6600595015914
2019-04-13,252.94542179598147
2019-04-14,253.08953925209667
2019-04-15,298.03875069178054
2019-04-16,299.44678021148064
2019-04-17,300.19282079397635
2019-04-18,300.6949621379394
2019-04-19,301.0238256545323
2019-04-20,254.36260799232798
2019-04-21,254.62128908056602
2019-04-22,299.7402365095249
2019-04-23,301.2281009574101
2019-04-24,302.03145686959635
2019-04-25,302.5676331229249
2019-04-26,302.9064499709073
2019-04-27,256.15509731729577
2019-04-28,256.3755280748537
2019-04-29,301.50559692947337
2019-04-30,302.91236083616934
2019-05-01,303.6137452307825
2019-05-02,304.030225120203
2019-05-03,304.23466733854497
2019-05-04,257.2618163490662
2019-05-05,257.3292550335248
2019-05-06,302.3753653659142
2019-05-07,303.62796819823825
2019-05-08,304.17850029052687
2019-05-09,304.4520289295128
2019-05-10,304.5252585461648
2019-05-11,257.3604702584218
2019-05-12,257.3305227037857
2019-05-13,302.37302492758465
2019-05-14,303.57436440723296
2019-05-15,304.09700358270953
2019-05-16,304.3674375364946
2019-05-17,304.4625521493273
2019-05-18,257.267988645753
2019-05-19,257.30777664004444
2019-05-20,302.5142177187583
2019-05-21,303.82744671114244
2019-05-22,304.47653733008275
2019-05-23,304.88507359827855
2019-05-24,305.1260883966797
2019-05-25,258.0048439818103
2019-05-26,258.19368757393096
2019-05-27,303.61711816251926
2019-05-28,305.0669789431347
2019-05-29,305.83799445436676
2019-05-30,306.3505385893662
2019-05-31,306.67427846056563
2019-06-01,259.53524349445786
2019-06-02,259.75636548839316
2019-06-03,305.25706380925277
2019-06-04,306.6840268329605
2019-06-05,307.40166388192995
2019-06-06,307.83151624602544
2019-06-07,308.0446035670043
2019-06-08,260.69253754120797
2019-06-09,260.7541073981037
2019-06-10,306.1486337240026
2019-06-11,307.3822326979507
2019-06-12,307.8936246657467
2019-06-13,308.1096147133074
2019-06-14,308.1061432984759
2019-06-15,260.4632283215371
2019-06-16,260.31800836887425
2019-06-17,305.59118664062987
2019-06-18,306.6487633801559
2019-06-19,307.0037522448184
2019-06-20,307.08727879659625
2019-06-21,306.97847032117306
2019-06-22,259.18314982911414
2019-06-23,258.9938931561181
2019-06-24,304.3290257863734
2019-06-25,305.4099463589787
2019-06-26,305.8194317384008
2019-06-27,305.98801807677637
2019-06-28,305.99296667972385
2019-06-29,258.2607172028308
2019-06-30,258.23457916266125
2019-07-01,303.82578559539564
2019-07-02,305.10654980419184
2019-07-03,305.7256369309057
2019-07-04,306.10966479306455
2019-07-05,306.33133401387676
2019-07-06,258.73557822860494
2019-07-07,258.91542357627367
2019-07-08,304.7744987497253
2019-07-09,306.2358508541066
2019-07-10,307.01533627965733
2019-07-11,307.5373461513166
2019-07-12,307.8723551864772
2019-07-13,260.28657418833916
2019-07-14,260.5263846317617
2019-07-15,306.491585311222
2019-07-16,307.95988663203497
2019-07-17,308.7185825090685
2019-07-18,309.1941298202261
2019-07-19,309.4590147470724
2019-07-20,261.7046770304605
2019-07-21,261.8349127641879
2019-07-22,307.7491432968877
2019-07-23,309.0825341464335
2019-07-24,309.6964567005005
2019-07-25,310.0214144089524
2019-07-26,310.13330512138424
2019-07-27,262.1494790469194
2019-07-28,262.1316063359492
2019-07-29,307.97836272972717
2019-07-30,309.18123267293106
2019-07-31,309.6743839863982
2019-08-01,309.89054336660047
2019-08-02,309.90683756250434
2019-08-03,261.76394170744743
2019-08-04,261.67899194871745
2019-08-05,307.54715028151224
2019-08-06,308.7132043475235
2019-08-07,309.1815147316323
2019-08-08,309.38445941261716
2019-08-09,309.39803639607084
2019-08-10,261.1840408094064
2019-08-11,261.11356865265213
2019-08-12,307.0768721306167
2019-08-13,308.27080497068926
2019-08-14,308.76942794898895
2019-08-15,309.00455786940347
2019-08-16,309.05122528920293
2019-08-17,260.792726723433
2019-08-18,260.7551747134639
2019-08-19,306.8249657949736
2019-08-20,308.0520380407345
2019-08-21,308.58164780661235
2019-08-22,308.846495791711
2019-08-23,308.9220842386789
2019-08-24,260.6144554587772
2019-08-25,260.60622460008625
2019-08-26,306.78097791813695
2019-08-27,308.04232157509705
2019-08-28,308.60737102030214
2019-08-29,308.9099678747378
2019-08-30,309.026035690007
2019-08-31,260.68388111259054
2019-09-01,260.7222201506284
2019-09-02,307.0209030819948
2019-09-03,308.3358161965565
2019-09-04,308.9547088332338
2019-09-05,309.31109425882875
2019-09-06,309.47977777529866
2019-09-07,261.10966305314054
2019-09-08,261.1943392444164
2019-09-09,307.60857125763425
2019-09-10,308.9591452460679
2019-09-11,309.60367285987434
2019-09-12,309.97476633817126
2019-09-13,310.14589445290625
2019-09-14,261.6866021540369
2019-09-15,261.7461775382509
2019-09-16,308.1952828886264
2019-09-17,309.4927607930217
2019-09-18,310.06797280777306
2019-09-19,310.35474855071175
2019-09-20,310.42763162688266
2019-09-21,261.77932636589094
2019-09-22,261.7178725956849
2019-09-23,308.1127056932835
2019-09-24,309.27736243902064
2019-09-25,309.71584546610296
2019-09-26,309.8657924399459
2019-09-27,309.8051368302823
2019-09-28,260.9515750780054
2019-09-29,260.77367577608294
2019-09-30,307.1406727361615
2019-10-01,308.22104498149605
2019-10-02,308.5934523689329
2019-10-03,308.6986401684277
2019-10-04,308.61662448207306
2019-10-05,259.6880703946782
2019-10-06,259.53987015494994
2019-10-07,306.03808649243115
2019-10-08,307.2024987957332
2019-10-09,307.68277371347847
2019-10-10,307.9187338192842
2019-10-11,307.9882845663978
2019-10-12,259.15069026323107
2019-10-13,259.18723943656676
2019-10-14,305.9568212827003
2019-10-15,307.32657799186165
2019-10-16,308.0140023718482
2019-10-17,308.4552043617413
2019-10-18,308.7237800201503
2019-10-19,259.99593321477937
2019-10-20,260.20678676369226
2019-10-21,307.2079935639514
2019-10-22,308.7145364360276
2019-10-23,309.51333136924444
2019-10-24,310.03899813769874
2019-10-25,310.3637359876765
2019-10-26,261.5840974080919
2019-10-27,261.79336164455003
2019-10-28,308.8404411806598
2019-10-29,310.2927373416114
2019-10-30,311.0117061582929
2019-10-31,311.4355306880797
2019-11-01,311.63997797991
2019-11-02,262.64656147429497
2019-11-03,262.7113474528093
2019-11-04,309.6843944917322
2019-11-05,310.98857650088456
2019-11-06,311.5625982649607
2019-11-07,311.85002101876324
2019-11-08,311.93115420207494
2019-11-09,262.75244389967264
2019-11-10,262.7322042364504
2019-11-11,309.71996381144595
2019-11-12,310.99131804656867
2019-11-13,311.559041249164
2019-11-14,311.8680797307455
2019-11-15,311.99869529876133
2019-11-16,262.8170755307721
2019-11-17,262.89863216135967
2019-11-18,310.08676339890553
2019-11-19,311.5039157800499
2019-11-20,312.23153767887123
2019-11-21,312.7107268728488
2019-11-22,313.0168898421555
2019-11-23,263.9315885521074
2019-11-24,264.1840388959959
2019-11-25,311.6087584280378
2019-11-26,313.17295146040806
2019-11-27,314.0259568175622
2019-11-28,314.6051189933303
2019-11-29,314.9820892453956
2019-11-30,265.85576761870783
2019-12-01,266.1124660766731
2019-12-02,313.5817323106764
2019-12-03,315.07998987927795
2019-12-04,315.82995283604913
2019-12-05,316.27111394136926
2019-12-06,316.47764951884596
2019-12-07,267.07216653604087
2019-12-08,267.1048666805511
2019-12-09,314.4067302673861
2019-12-10,315.64926394284396
2019-12-11,316.13430512041026
2019-12-12,316.30849992658835
2019-12-13,316.25278497753294
2019-12-14,266.5166912712193
2019-12-15,266.31691843076254
2019-12-16,313.4871624754278
2019-12-17,314.55395011659647
2019-12-18,314.89740580106155
2019-12-19,314.9692591145676
2019-12-20,314.8540587462727
2019-12-21,265.0239761329534
2019-12-22,264.85739548297374
2019-12-23,312.18486302825835
2019-12-24,313.381175572348
2019-12-25,313.89786113539174
2019-12-26,314.18441622569975
2019-12-27,314.3215483935524
2019-12-28,264.696539166636
2019-12-29,264.84254559322443
2019-12-30,312.5802072989081
2019-12-31,314.12618516780407
2020-01-01,314.99810336942556
2020-01-02,315.63868008238484
2020-01-03,316.1212278467183
2020-01-04,266.74553841101175
2020-01-05,267.1984686873351
2020-01-06,315.2905939683221
2020-01-07,317.081225984766
2020-01-08,318.1563831106953
2020-01-09,318.955285326682
2020-01-10,319.5481443990908
2020-01-11,270.1523357503599
2020-01-12,270.6146503243526
2020-01-13,318.742199559885
2020-01-14,320.4437752650417
2020-01-15,321.38126809962836
2020-01-16,321.99787248299225
2020-01-17,322.36810059773984
2020-01-18,272.63393667031755
2020-01-19,272.80909766897537
2020-01-20,320.70338650752484
2020-01-21,322.08027899561296
2020-01-22,322.6822644512546
2020-01-23,322.9601869634055
2020-01-24,322.995524759872
2020-01-25,272.8563523808535
2020-01-26,272.72410331616214
2020-01-27,320.4107314739679
2020-01-28,321.5325854283372
2020-01-29,321.91032644629723
2020-01-30,321.99901324703785
2020-01-31,321.8828657861212
2020-02-01,271.55102926040075
2020-02-02,271.34748805145745
2020-02-03,319.0805330849062
2020-02-04,320.2131016493487
2020-02-05,320.6380236530979
2020-02-06,320.80852561388735
2020-02-07,320.80574046095705
2020-02-08,270.53428201637826
2020-02-09,270.4959478260344
2020-02-10,318.4909501354585
2020-02-11,319.82483569096104
2020-02-12,320.45972536387217
2020-02-13,320.8448061621614
2020-02-14,321.0567261528974
2020-02-15,270.9148526039804
2020-02-16,271.07925815375495
2020-02-17,319.3430240249704
2020-02-18,320.8557059802412
2020-02-19,321.6510890982332
2020-02-20,322.1770998295269
2020-02-21,322.5091009423939
2020-02-22,272.38459696879625
2020-02-23,272.62590726873145
2020-02-24,321.0227775145634
2020-02-25,322.572307794823
2020-02-26,323.38371730887695
2020-02-27,323.90710253122006
2020-02-28,324.21966404626534
2020-02-29,273.9796605369013
2020-03-01,274.1742300467842
2020-03-02,322.59161886567136
2020-03-03,324.0775760736824
2020-03-04,324.8177231605744
2020-03-05,325.26469085691974
2020-03-06,325.4974212544476
2020-03-07,275.0942833658908
2020-03-08,275.206613616673
2020-03-09,323.61997301654446
2020-03-10,325.0271056655067
2020-03-11,325.68859008064334
2020-03-12,326.057952969211
2020-03-13,326.214240180528
2020-03-14,275.6542390221298
2020-03-15,275.69232373834245
2020-03-16,324.1101465518525
2020-03-17,325.44623541562754
2020-03-18,326.03556563381886
2020-03-19,326.33219400414333
2020-03-20,326.41522511596685
2020-03-21,275.7000077285282
2020-03-22,275.6647863545956
2020-03-23,324.0881408801639
2020-03-24,325.35520751973894
2020-03-25,325.8767205923523
2020-03-26,326.10862518007394
2020-03-27,326.1314887303259
2020-03-28,275.2804724815934
2020-03-29,275.1992377326285
2020-03-30,323.66440935396747
2020-03-31,324.90838159881326
2020-04-01,325.4183753866863
2020-04-02,325.6524988746025
2020-04-03,325.6926833663809
2020-04-04,274.79327556938915
2020-04-05,274.76270751751815
2020-04-06,323.3743308222509
2020-04-07,324.70585190866376
2020-04-08,325.3190416198262
2020-04-09,325.67180779640483
2020-04-10,325.8448316218179
2020-04-11,275.00872161932506
2020-04-12,275.13404734637714
2020-04-13,323.9879727573257
2020-04-14,325.4904370615025
2020-04-15,326.2752124563721
2020-04-16,326.79759472709264
2020-04-17,327.1349416315284
2020-04-18,276.37233625526835
2020-04-19,276.6415731897554
2020-04-20,325.7029873346666
2020-04-21,327.31844707051334
2020-04-22,328.1943900274539
2020-04-23,328.7846548403863
2020-04-24,329.16502793364776
2020-04-25,278.33725776185383
2020-04-26,278.59746955834584
2020-04-27,327.7024675342027
2020-04-28,329.2594890499681
2020-04-29,330.05173410797744
2020-04-30,330.5357521990748
2020-05-01,330.79000540616937
2020-05-02,279.73698934091703
2020-05-03,279.8414835968031
2020-05-04,328.86055292849903
2020-05-05,330.24997974013263
2020-05-06,330.8727937622551
2020-05-07,331.19063916242123
2020-05-08,331.2863959520806
2020-05-09,280.004218502597
2020-05-10,279.97810488722945
2020-05-11,328.964915220721
2020-05-12,330.2675090803859
2020-05-13,330.8269047452375
2020-05-14,331.10718262520265
2020-05-15,331.1923444965572
2020-05-16,279.8442196409607
2020-05-17,279.86197432853015
2020-05-18,328.9975959780485
2020-05-19,330.395883803357
2020-05-20,331.0709761425015
2020-05-21,331.48443734408994
2020-05-22,331.7166069453921
2020-05-23,280.44237414424623
2020-05-24,280.62227701660834
2020-05-25,329.9999036210181
2020-05-26,331.5588630204839
2020-05-27,332.3843747202425
2020-05-28,332.93411699935825
2020-05-29,333.2842284492149
2020-05-30,282.02284240099635
2020-05-31,282.27330115250794
2020-06-01,331.77278639906314
2020-06-02,333.3462509825054
2020-06-03,334.1536134659858
2020-06-04,334.65279259020457
2020-06-05,334.92037454183935
2020-06-06,283.4626571493726
2020-06-07,283.57137502058873
2020-06-08,332.98275585255294
2020-06-09,334.36829679570565
2020-06-10,334.96803268606106
2020-06-11,335.2451285664479
2020-06-12,335.28119893826624
2020-06-13,283.50460967127344
2020-06-14,283.3791346849191
2020-06-15,332.64268283600575
2020-06-16,333.81487562911417
2020-06-17,334.21695303830467
2020-06-18,334.3174090810775
2020-06-19,334.202079234334
2020-06-20,282.2195900495568
2020-06-21,282.00351951914246
2020-06-22,331.2901934990339
2020-06-23,332.4431768558924
2020-06-24,332.8605328552159
2020-06-25,333.0111290504662
2020-06-26,332.9797400149552
2020-06-27,281.02964959755406
2020-06-28,280.9589842007562
2020-06-29,330.4970518017047
2020-06-30,331.8459104233584
2020-07-01,332.4757251113167
2020-07-02,332.85137276657906
2020-07-03,333.05278450699706
2020-07-04,281.2546580840974
2020-07-05,281.41756404445596
2020-07-06,331.26220887176163
2020-07-07,332.82813611877776
2020-07-08,333.65780245643276
2020-07-09,334.21297475962143
2020-07-10,334.57039451872396
2020-07-11,282.81841229575355
2020-07-12,283.08332268296607
2020-07-13,333.08079205884894
2020-07-14,334.69161618081256
2020-07-15,335.5350181543162
2020-07-16,336.0742261885996
2020-07-17,336.3874564149776
2020-07-18,284.48121500164507
2020-07-19,284.6522741969762
2020-07-20,334.6154825570788
2020-07-21,336.09650402936455
2020-07-22,336.79486524500385
2020-07-23,337.1781468541471
2020-07-24,337.328346256989
2020-07-25,285.17167541009456
2020-07-26,285.17668849193655
2020-07-27,335.0578008877208
2020-07-28,336.3850526360599
2020-07-29,336.93755596011647
2020-07-30,337.1858562544806
2020-07-31,337.2138577626176
2020-08-01,284.8650602763777
2020-08-02,284.77745573476994
2020-08-03,334.6621750857842
2020-08-04,335.93039792393085
2020-08-05,336.4379140389363
2020-08-06,336.6552530246075
2020-08-07,336.6653803022864
2020-08-08,284.2263202240261
2020-08-09,284.1434247018397
2020-08-10,334.12253262536245
2020-08-11,335.4140969047536
2020-08-12,335.9495088209357
2020-08-13,336.19851589561796
2020-08-14,336.2428071269773
2020-08-15,283.7548741110838
2020-08-16,283.7081560301965
2020-08-17,333.80399536709814
2020-08-18,335.1329563692819
2020-08-19,335.7034705108777
2020-08-20,335.9859790825546
2020-08-21,336.06245559576206
2020-08-22,283.52129891144745
2020-08-23,283.5058175618733
2020-08-24,333.7142390795081
2020-08-25,335.0781856821962
2020-08-26,335.68420910141725
2020-08-27,336.00411962551084
2020-08-28,336.1205355806161
2020-08-29,283.537658333687
2020-08-30,283.56862797924447
2020-08-31,333.9079208197403
2020-09-01,335.32703333765664
2020-09-02,335.9895648365994
2020-09-03,336.3672842982625
2020-09-04,336.5418851556657
2020-09-05,283.9315747309461
2020-09-06,284.01790874506383
2020-09-07,334.48997439506536
2020-09-08,335.957384403272
2020-09-09,336.65960240167874
2020-09-10,337.0673174772907
2020-09-11,337.26058450586675
2020-09-12,284.5711446987557
2020-09-13,284.64931412241543
2020-09-14,335.17929944847435
2020-09-15,336.6095394483991
2020-09-16,337.25689137103717
2020-09-17,337.59279413653906
2020-09-18,337.69787851216563
2020-09-19,284.8198342537452
2020-09-20,284.78082597300687
2020-09-21,335.263186906033
2020-09-22,336.55704961565283
2020-09-23,337.05992523816826
2020-09-24,337.24705980780544
2020-09-25,337.2025370970933
2020-09-26,284.0924625033565
2020-09-27,283.91335349586865
2020-09-28,334.34744855533194
2020-09-29,335.5275818982137
2020-09-30,335.9327216626709
2020-10-01,336.0419762575025
2020-10-02,335.9422844950282
2020-10-03,282.7167745772281
2020-10-04,282.53467986445526
2020-10-05,333.0756135284964
2020-10-06,334.3117647584383
2020-10-07,334.80009015563735
2020-10-08,335.01955460760536
2020-10-09,335.0556288811501
2020-10-10,281.9038004785296
2020-10-11,281.9016743202288
2020-10-12,332.72165686833694
2020-10-13,334.1706283960837
2020-10-14,334.87954008351795
2020-10-15,335.3235087680369
2020-10-16,335.58335455147505
2020-10-17,282.56422819110117
2020-10-18,282.7705208440424
2020-10-19,333.8663406365927
2020-10-20,335.4927334081967
2020-10-21,336.3553362779718
2020-10-22,336.9268246030893
2020-10-23,337.28558741231194
2020-10-24,284.249289989127
2020-10-25,284.4930648673246
2020-10-26,335.67700759881444
2020-10-27,337.2808649945016
2020-10-28,338.0902496692053
2020-10-29,338.5808003679105
2020-10-30,338.83397144841666
2020-10-31,285.58524582360036
2020-11-01,285.68599851865343
2020-11-02,336.7971801878128
2020-11-03,338.2413609907598
2020-11-04,338.8880081750545
2020-11-05,339.2187450427142
2020-11-06,339.32028346470815
2020-11-07,285.84708145023166
2020-11-08,285.82737540844795
2020-11-09,336.92234531300863
2020-11-10,338.2955475781782
2020-11-11,338.89791885021276
2020-11-12,339.21368915837957
2020-11-13,339.3306636084481
2020-11-14,285.8172967739673
2020-11-15,285.8735647823133
2020-11-16,337.155070479442
2020-11-17,338.6600505288737
2020-11-18,339.4149032483194
2020-11-19,339.90042264443275
2020-11-20,340.19972208950446
2020-11-21,286.78975598259797
2020-11-22,287.037731952255
2020-11-23,338.5896107531585
2020-11-24,340.27483877213973
2020-11-25,341.1931337721668
2020-11-26,341.82061169532216
2020-11-27,342.23552419872993
2020-11-28,288.82411286969506
2020-11-29,289.12309750508604
2020-11-30,340.7718437269398
2020-12-01,342.4347804339958
2020-12-02,343.28998081326216
2020-12-03,343.8145554411724
2020-12-04,344.0881832083876
2020-12-05,290.4130011625786
2020-12-06,290.5025391274261
2020-12-07,341.9966809164437
2020-12-08,343.40160459973606
2020-12-09,343.9806032667971
2020-12-10,344.21805429219984
2020-12-11,344.2006930744698
2020-12-12,290.1512448999706
2020-12-13,289.9642143263669
2020-12-14,341.2828354895965
2020-12-15,342.45647507483517
2020-12-16,342.83426903994547
2020-12-17,342.9071335768407
2020-12-18,342.7669090415624
2020-12-19,288.5536345749616
2020-12-20,288.33880753857085
2020-12-21,339.76372967950084
2020-12-22,341.01452537053547
2020-12-23,341.51937872242615
2020-12-24,341.7682475720893
2020-12-25,341.85018548261803
2020-12-26,287.814318971828
2020-12-27,287.9013269922365
2020-12-28,339.74269375775106
2020-12-29,341.3535679997941
2020-12-30,342.2344250776357
2020-12-31,342.86814902728867
2021-01-01,343.33581000819186
2021-01-02,289.5913388709428
2021-01-03,290.0418799460451
2021-01-04,342.3073329693585
2021-01-05,344.2311251746555
2021-01-06,345.3869474734575
2021-01-07,346.25267476690976
2021-01-08,346.90466967795356
2021-01-09,293.20593522583766
2021-01-10,293.7357797443545
2021-01-11,346.1088184832212
2021-01-12,348.0035292917276
2021-01-13,349.0745267758117
2021-01-14,349.8026242483211
2021-01-15,350.26759278096284
2021-01-16,296.2494583494438
2021-01-17,296.5078348117596
2021-01-18,348.6595037383286
2021-01-19,350.22460705831134
2021-01-20,350.9449403822992
2021-01-21,351.309508783955
2021-01-22,351.40575137256076
2021-01-23,296.93375911099224
2021-01-24,296.83576837726594
2021-01-25,348.73159440634106
2021-01-26,349.98248958544906
2021-01-27,350.41612591727835
2021-01-28,350.5271915367594
2021-01-29,350.4072887724214
2021-01-30,295.67204315924613
2021-01-31,295.44143711894475
2021-02-01,347.3325446322534
2021-02-02,348.5412395667934
2021-02-03,348.97467238043913
2021-02-04,349.12656318463365
2021-02-05,349.08606385535495
2021-02-06,294.3777820886336
2021-02-07,294.29365917173646
2021-02-08,346.442446348153
2021-02-09,347.849412243502
2021-02-10,348.4970568440642
2021-02-11,348.8746679908214
2021-02-12,349.06632771671167
2021-02-13,294.5037456625333
2021-02-14,294.6502415371133
2021-02-15,347.1062481095323
2021-02-16,348.7270063900501
2021-02-17,349.57209908074924
2021-02-18,350.12867832268046
2021-02-19,350.4786459683209
2021-02-20,295.9640516696844
2021-02-21,296.22361803422416
2021-02-22,348.8534495091983
2021-02-23,350.5426204286927
2021-02-24,351.43205043370966
2021-02-25,352.010774172054
2021-02-26,352.3623135124003
2021-02-27,297.7424077882137
2021-02-28,297.96855594671445
2021-03-01,350.63516664804536
2021-03-02,352.2670204747289
2021-03-03,353.0881031276036
2021-03-04,353.5903925133061
2021-03-05,353.8595558923887
2021-03-06,299.06489994172824
2021-03-07,299.20252694631296
2021-03-08,351.8642802211456
2021-03-09,353.4091755481525
2021-03-10,354.14291307073916
2021-03-11,354.5587481417399
2021-03-12,354.74272294000366
2021-03-13,299.7757828141473
2021-03-14,299.8311843848583
2021-03-15,352.4966096986689
2021-03-16,353.96366218960196
2021-03-17,354.61875961627857
2021-03-18,354.9556162940284
2021-03-19,355.06016387337337
2021-03-20,299.92471044586944
2021-03-21,299.9001572413627
2021-03-22,352.5705628942235
2021-03-23,353.9607023380454
2021-03-24,354.5389446719957
2021-03-25,354.80077546744815
2021-03-26,354.83346787651305
2021-03-27,299.54207491108514
2021-03-28,299.4569370983066
2021-03-29,352.15991564573375
2021-03-30,353.50996667028227
2021-03-31,354.058579960464
2021-04-01,354.30375885781996
2021-04-02,354.33451131077294
2021-04-03,298.9684924207043
2021-04-04,298.9153308460087
2021-04-05,351.7538097789197
2021-04-06,353.1754844993745
2021-04-07,353.813346454856
2021-04-08,354.1657742782519
2021-04-09,354.32101733660636
2021-04-10,299.00641081788876
2021-04-11,299.1081538783206
2021-04-12,352.1988164003024
2021-04-13,353.7991200509653
2021-04-14,354.6205740686025
2021-04-15,355.1589774321503
2021-04-16,355.4991183697484
2021-04-17,300.275516444102
2021-04-18,300.54929877879175
2021-04-19,353.8854016161144
2021-04-20,355.6326063591306
2021-04-21,356.5808453583445
2021-04-22,357.2237664648614
2021-04-23,357.6437867123078
2021-04-24,302.3842152228257
2021-04-25,302.6837619612783
2021-04-26,356.10268055063864
2021-04-27,357.8210238209503
2021-04-28,358.7111901588564
2021-04-29,359.2689346454546
2021-04-30,359.57879511588334
2021-05-01,304.09733923412904
2021-05-02,304.24574408798946
2021-05-03,357.58404540016824
2021-05-04,359.12751601002634
2021-05-05,359.834984463842
2021-05-06,360.20765939110504
2021-05-07,360.3349532662806
2021-05-08,304.5886277508178
2021-05-09,304.57393759724255
2021-05-10,357.85122708548516
2021-05-11,359.27043189848763
2021-05-12,359.8758173566539
2021-05-13,360.172111609914
2021-05-14,360.2508934766198
2021-05-15,304.39555819569074
2021-05-16,304.39167130295823
2021-05-17,357.79530249995923
2021-05-18,359.28579636113966
2021-05-19,359.98771383697033
2021-05-20,360.4038909112129
2021-05-21,360.6226616729445
2021-05-22,304.83365071963243
2021-05-23,304.99804479488535
2021-05-24,358.66308982330736
2021-05-25,360.3332862489233
2021-05-26,361.210301944859
2021-05-27,361.7925294395195
2021-05-28,362.163347200977
2021-05-29,306.417652599599
2021-05-30,306.69264630071217
2021-05-31,360.5277852823749
2021-06-01,362.2544118388562
2021-06-02,363.1542492464262
2021-06-03,363.72486574108194
2021-06-04,364.0490109276225
2021-06-05,308.13163936184714
2021-06-06,308.2916469226849
2021-06-07,362.0664266394985
2021-06-08,363.619810960684
2021-06-09,364.3196521390366
2021-06-10,364.66851248291044
2021-06-11,364.75404982992
2021-06-12,308.4962450992261
2021-06-13,308.40052179844525
2021-06-14,362.00606968485175
2021-06-15,363.31202660207265
2021-06-16,363.7747193470616
2021-06-17,363.90299619557453
2021-06-18,363.78975434256694
2021-06-19,307.2692217163515
2021-06-20,307.0320432425845
2021-06-21,360.6166984932068
2021-06-22,361.85401746200927
2021-06-23,362.2848279021357
2021-06-24,362.4195114313564
2021-06-25,362.3509241509606
2021-06-26,305.8217287860635
2021-06-27,305.702161908143
2021-06-28,359.5239809598276
2021-06-29,360.943496009266
2021-06-30,361.5804332139505
2021-07-01,361.94133145544964
2021-07-02,362.1141165977845
2021-07-03,305.7454615625254
2021-07-04,305.8819045609995
2021-07-05,360.04568979254327
2021-07-06,361.7164040414809
2021-07-07,362.59175328571814
2021-07-08,363.17428556415035
2021-07-09,363.5477357356912
2021-07-10,307.26423800240053
2021-07-11,307.5493082604237
2021-07-12,361.91878371508875
2021-07-13,363.67899916289895
2021-07-14,364.6100288321276
2021-07-15,365.21508688898814
2021-07-16,365.57864192688595
2021-07-17,309.16320733692834
2021-07-18,309.3786241135315
2021-07-19,363.7392493943744
2021-07-20,365.3825774781544
2021-07-21,366.1754949595459
2021-07-22,366.62572931693495
2021-07-23,366.8217759742378
2021-07-24,310.1390572296021
2021-07-25,310.1740279244478
2021-07-26,364.4408642646713
2021-07-27,365.9085507231355
2021-07-28,366.5308236208734
2021-07-29,366.8191699976536
2021-07-30,366.86474502165754
2021-07-31,309.95382304342024
2021-08-01,309.8673767536743
2021-08-02,364.1166348616392
2021-08-03,365.4987616740972
2021-08-04,366.05125526461757
2021-08-05,366.2860703478354
2021-08-06,366.29375651296635
2021-08-07,309.26815643310124
2021-08-08,309.1721201388379
2021-08-09,363.51128812968545
2021-08-10,364.90845892668005
2021-08-11,365.4831582500398
2021-08-12,365.74639119081024
2021-08-13,365.78714958191676
2021-08-14,308.70621815647496
2021-08-15,308.64858381265947
2021-08-16,363.1146922282491
2021-08-17,364.55348974617516
2021-08-18,365.1677740273177
2021-08-19,365.46897885014175
2021-08-20,365.54610669382953
2021-08-21,308.408422793746
2021-08-22,308.3850536535998
2021-08-23,362.9729141690082
2021-08-24,364.44837790921025
2021-08-25,365.09900690284024
2021-08-26,365.4377768853383
2021-08-27,365.5545150702275
2021-08-28,308.3673031430084
2021-08-29,308.3898173316288
2021-08-30,363.11519328235124
2021-08-31,364.6463614373542
2021-09-01,365.35484557853397
2021-09-02,365.7539319943113
2021-09-03,365.9327908750392
2021-09-04,308.716505875905
2021-09-05,308.80180070359614
2021-09-06,363.67619176671
2021-09-07,365.26709802844374
2021-09-08,366.0284577363513
2021-09-09,366.4723872832117
2021-09-10,366.6861902898213
2021-09-11,309.4009379892589
2021-09-12,309.4962157526301
2021-09-13,364.45388130630533
2021-09-14,366.0260090422044
2021-09-15,366.750009056635
2021-09-16,367.1382397576031
2021-09-17,367.2780155463548
2021-09-18,309.8085593515918
2021-09-19,309.7952944228826
2021-09-20,364.71741343730616
2021-09-21,366.15460682795936
2021-09-22,366.7312633787429
2021-09-23,366.9634024299349
2021-09-24,366.94170540516166
2021-09-25,309.2165905012575
2021-09-26,309.04252204866566
2021-09-27,363.8985605339177
2021-09-28,365.1938112285274
2021-09-29,365.6412950897947
2021-09-30,365.7615964742243
2021-10-01,365.6489964038652
2021-10-02,307.7644922659623
2021-10-03,307.55068961098834
2021-10-04,362.4846102891106
2021-10-05,363.801919215612
2021-10-06,364.3011866834146
2021-10-07,364.50378437162493
2021-10-08,364.50333809192244
2021-10-09,306.6666527115131
2021-10-10,306.61988325906344
2021-10-11,361.8329981961685
2021-10-12,363.3629487334901
2021-10-13,364.0891333193144
2021-10-14,364.5291420091802
2021-10-15,364.77179136907404
2021-10-16,307.0859343862113
2021-10-17,307.2786021569468
2021-10-18,362.81048555432733
2021-10-19,364.55815277595167
2021-10-20,365.48144416242025
2021-10-21,366.094557999038
2021-10-22,366.48280406730356
2021-10-23,308.81913498984164
2021-10-24,309.0947945136877
2021-10-25,364.76501521290305
2021-10-26,366.53022134681817
2021-10-27,367.4359152234484
2021-10-28,367.9984346061328
2021-10-29,368.3054098130181
2021-10-30,310.43971592255764
2021-10-31,310.5830467094163
2021-11-01,366.1909300817514
2021-11-02,367.7927842306238
2021-11-03,368.52481669586655
2021-11-04,368.90977165053914
2021-11-05,369.0410949504692
2021-11-06,310.9140561635707
2021-11-07,310.90274713085574
2021-11-08,366.4636225687907
2021-11-09,367.9544091579756
2021-11-10,368.6006925162363
2021-11-11,368.92914253773574
2021-11-12,369.0355744683492
2021-11-13,310.823180892998
2021-11-14,310.8536485956947
2021-11-15,366.57862184546434
2021-11-16,368.1776468989031
2021-11-17,368.9592922630412
2021-11-18,369.4474904012021
2021-11-19,369.7338110678718
2021-11-20,311.6228444624131
2021-11-21,311.8582022497209
2021-11-22,367.8813392984584
2021-11-23,369.68872171158273
2021-11-24,370.66829810422996
2021-11-25,371.33853299453057
2021-11-26,371.7851141904522
2021-11-27,313.7134034632127
2021-11-28,314.04993681691724
2021-11-29,370.227864964338
2021-11-30,372.0633401848378
2021-12-01,373.02795120463446
2021-12-02,373.63980920823786
2021-12-03,373.98469578431974
2021-12-04,315.67528594607717
2021-12-05,315.8285621527642
2021-12-06,371.8769470691532
2021-12-07,373.46373965828747
2021-12-08,374.1519877371449
2021-12-09,374.4668769592988
2021-12-10,374.50124891
2021-12-11,315.7812591511182
2021-12-12,315.62011485127834
2021-12-13,371.45400392065415
2021-12-14,372.75647864530515
2021-12-15,373.18434350391146
2021-12-16,373.27073153627197
2021-12-17,373.115085870903
2021-12-18,314.15510327
2021-12-19,313.8974135366634
2021-12-20,369.777629703832
2021-12-21,371.0938072891166
2021-12-22,371.59015759122417
2021-12-23,371.80042267364786
2021-12-24,371.8226309977949
2021-12-25,312.9973777928812
2021-12-26,313.01624462510694
2021-12-27,369.30544732406725
2021-12-28,370.9786213513613
2021-12-29,371.8592601455856
2021-12-30,372.4740513331226
2021-12-31,372.91273163587465
2022-01-01,314.412731330229
2022-01-02,314.846071689712
2022-01-03,371.6259889503671
2022-01-04,373.6791655629124
2022-01-05,374.90763342572524
2022-01-06,375.8315469929618
2022-01-07,376.53425596364275
2022-01-08,318.15311894966743
2022-01-09,318.7453861246992
2022-01-10,375.7169423044216
2022-01-11,377.8138727601063
2022-01-12,379.02435014554413
2022-01-13,379.87011251098204
2022-01-14,380.43668589891377
2022-01-15,321.77001077465377
2022-01-16,322.1216859067959
2022-01-17,378.8988731370456
2022-01-18,380.675021924811
2022-01-19,381.5322315248145
2022-01-20,382.0007098852495
2022-01-21,382.17412343455317
2022-01-22,323.01175938863446
2022-01-23,322.96361973946944
2022-01-24,379.44067040428524
2022-01-25,380.84471477697144
2022-01-26,381.35190997561796
2022-01-27,381.4996833395489
2022-01-28,381.38739789148883
2022-01-29,321.8839882973079
2022-01-30,321.6336075377274
2022-01-31,378.04560747279703
2022-02-01,379.3437440918559
2022-02-02,379.79170203665814
2022-02-03,379.9270968792862
2022-02-04,379.84777111039193
2022-02-05,320.3249385750311
2022-02-06,320.1901533693646
2022-02-07,376.8444417781468
2022-02-08,378.32702328351735
2022-02-09,378.98366781707887
2022-02-10,379.34735011756123
2022-02-11,379.5104019107904
2022-02-12,320.14308494121804
2022-02-13,320.2625164591253
2022-02-14,377.26021833669574
2022-02-15,378.9903722035209
2022-02-16,379.88166140457014
2022-02-17,380.4639670109673
2022-02-18,380.826428427137
2022-02-19,321.5411985808868
2022-02-20,321.81480656473326
2022-02-21,379.03325005491484
2022-02-22,380.86968373825727
2022-02-23,381.84030199615916
2022-02-24,382.4763931361137
2022-02-25,382.86831458665904
2022-02-26,323.4941640333306
2022-02-27,323.75406749258764
2022-02-28,381.0319726730251
2022-03-01,382.82272627101395
2022-03-02,383.7326322000809
2022-03-03,384.296276306465
2022-03-04,384.60653398133604
2022-03-05,325.04801354046214
2022-03-06,325.21488859495105
2022-03-07,382.48868163862045
2022-03-08,384.18481706831056
2022-03-09,384.99861636954495
2022-03-10,385.46642114264915
2022-03-11,385.6818545161764
2022-03-12,325.9339803261075
2022-03-13,326.0093684874433
2022-03-14,383.2852059423333
2022-03-15,384.8954397596934
2022-03-16,385.62297724714415
2022-03-17,386.00461848997696
2022-03-18,386.1337566538965
2022-03-19,326.2031409044345
2022-03-20,326.1917921307669
2022-03-21,383.47269129201135
2022-03-22,384.9985300954988
2022-03-23,385.6407807477957
2022-03-24,385.93784074285475
2022-03-25,385.98424983021994
2022-03-26,325.87784094385154
2022-03-27,325.7920285695473
2022-03-28,383.09723866546955
2022-03-29,384.56621352457734
2022-03-30,385.1605622822077
2022-03-31,385.4214838231086
2022-04-01,385.4455619095207
2022-04-02,325.2360920884387
2022-04-03,325.16129000250635
2022-04-04,382.5886699311627
2022-04-05,384.1099126302582
2022-04-06,384.7755870840495
2022-04-07,385.12790892641925
2022-04-08,385.26327844947593
2022-04-09,325.0876817322902
2022-04-10,325.1614812235124
2022-04-11,382.84606316222647
2022-04-12,384.5483875534599
2022-04-13,385.4046752589081
2022-04-14,385.9547501020138
2022-04-15,386.2915617460793
2022-04-16,326.2206189628179
2022-04-17,326.49206596890383
2022-04-18,384.45893716387985
2022-04-19,386.3415053818618
2022-04-20,387.3607036861602
2022-04-21,388.0535507456639
2022-04-22,388.50983174594626
2022-04-23,328.43543311757315
2022-04-24,328.7723034719196
2022-04-25,386.8675335931703
2022-04-26,388.757488978155
2022-04-27,389.7515995882639
2022-04-28,390.3882275320339
2022-04-29,390.75854094271233
2022-04-30,330.47348653236185
2022-05-01,330.67211175923103
2022-05-02,388.700577666036
2022-05-03,390.4159695771039
2022-05-04,391.2210170160574
2022-05-05,391.6597127643705
2022-05-06,391.8283901492941
2022-05-07,331.24607063891204
2022-05-08,331.2516518116293
2022-05-09,389.19201252204306
2022-05-10,390.74547313489563
2022-05-11,391.40810892753785
2022-05-12,391.7285491981802
2022-05-13,391.80640588574596
2022-05-14,331.0658837609024
2022-05-15,331.04249918739083
2022-05-16,389.07960034865545
2022-05-17,390.6716126809522
2022-05-18,391.4027695168281
2022-05-19,391.8206693959332
2022-05-20,392.0223406223352
2022-05-21,331.33112018447906
2022-05-22,331.4736665615308
2022-05-23,389.78428994518725
2022-05-24,391.568165170122
2022-05-25,392.49332269276493
2022-05-26,393.10253098990495
2022-05-27,393.4872423676705
2022-05-28,332.86767900577547
2022-05-29,333.1608098923645
2022-05-30,391.6917670221495
2022-05-31,393.5770693111846
2022-06-01,394.57056191838274
2022-06-02,395.2130209321614
2022-06-03,395.5940486608201
2022-06-04,334.83512429261674
2022-06-05,335.0490366835935
2022-06-06,393.55748888805397
2022-06-07,395.29421531453596
2022-06-08,396.1054128865349
2022-06-09,396.5363390099671
2022-06-10,396.68112275220403
2022-06-11,335.5684617896576
2022-06-12,335.51295646781773
2022-06-13,393.837986837662
2022-06-14,395.29861859303924
2022-06-15,395.8371138566069
2022-06-16,396.0058650237752
2022-06-17,395.9051877547573
2022-06-18,334.4714693085288
2022-06-19,334.2209946034763
2022-06-20,392.47734036301915
2022-06-21,393.81413931394434
2022-06-22,394.26644089254415
2022-06-23,394.3895071025019
2022-06-24,394.28483533841876
2022-06-25,332.7907375765734
2022-06-26,332.619412417404
2022-06-27,391.0882458876031
2022-06-28,392.582628915018
2022-06-29,393.22404085654813
2022-06-30,393.56430799739576
2022-07-01,393.70015123026934
2022-07-02,332.36619269875945
2022-07-03,332.4660161235559
2022-07-04,391.3067210875475
2022-07-05,393.0819192388904
2022-07-06,393.99731911229134
2022-07-07,394.5999289008925
2022-07-08,394.98128649115733
2022-07-09,333.7727367951707
2022-07-10,334.0710592171732
2022-07-11,393.1754505943189
2022-07-12,395.09065335518557
2022-07-13,396.1106519425748
2022-07-14,396.7821395253551
2022-07-15,397.196439081709
2022-07-16,335.8867617232241
2022-07-17,336.14886795981704
2022-07-18,395.27956311949595
2022-07-19,397.0998452323406
2022-07-20,397.9972851310123
2022-07-21,398.5230639137902
2022-07-22,398.7726087903176
2022-07-23,337.1845834450419
2022-07-24,337.2571160000543
2022-07-25,396.2869773838227
2022-07-26,397.9127437137878
2022-07-27,398.61655590830946
2022-07-28,398.95416884450617
2022-07-29,399.0244686204276
2022-07-30,337.17009214654837
2022-07-31,337.08990105263206
2022-08-01,396.0781529829056
2022-08-02,397.58780469065204
2022-08-03,398.1924664890663
2022-08-04,398.4490057799377
2022-08-05,398.45619617581195
2022-08-06,336.456925937787
2022-08-07,336.34763804281897
2022-08-08,395.4168203480891
2022-08-09,396.92856937303384
2022-08-10,397.5455270053863
2022-08-11,397.82353030266114
2022-08-12,397.85957387160397
2022-08-13,335.79548072459954
2022-08-14,335.7249301167514
2022-08-15,394.93048197970916
2022-08-16,396.4874054714804
2022-08-17,397.1482677886533
2022-08-18,397.469004274296
2022-08-19,397.54626366173176
2022-08-20,335.422311514937
2022-08-21,335.3901770561503
2022-08-22,394.728349971796
2022-08-23,396.3248187687432
2022-08-24,397.0239423609137
2022-08-25,397.38329376961167
2022-08-26,397.50045854412787
2022-08-27,335.31896159874356
2022-08-28,335.33210530909275
2022-08-29,394.81453392566186
2022-08-30,396.466500707247
2022-08-31,397.2237408904479
2022-09-01,397.6445385744556
2022-09-02,397.8261525077015
2022-09-03,335.6116636458163
2022-09-04,335.6931835948633
2022-09-05,395.3395824469762
2022-09-06,397.06109730262136
2022-09-07,397.8830084472063
2022-09-08,398.362446315107
2022-09-09,398.59467029615143
2022-09-10,336.3207667289254
2022-09-11,336.430920116998
2022-09-12,396.1875910180854
2022-09-13,397.9105497107733
2022-09-14,398.715109394119
2022-09-15,399.1581217721853
2022-09-16,399.3342504139952
2022-09-17,336.8843502783016
2022-09-18,336.89938544770524
2022-09-19,396.6382256261215
2022-09-20,398.23306784651396
2022-09-21,398.8928606570012
2022-09-22,399.1778194630623
2022-09-23,399.1857275378387
2022-09-24,336.46073114053263
2022-09-25,336.2984066754071
2022-09-26,395.95727989305635
2022-09-27,397.38455577619237
2022-09-28,397.8853482917539
2022-09-29,398.0250492397815
2022-09-30,397.90571764710165
2022-10-01,334.9750755972371
2022-10-02,334.73330251693596
2022-10-03,394.43747512041284
2022-10-04,395.84763908751904
2022-10-05,396.36258873270964
2022-10-06,396.5495629926187
2022-10-07,396.51093247887775
2022-10-08,333.59333268406453
2022-10-09,333.4969144824642
2022-10-10,393.47204668836986
2022-10-11,395.0858977853772
2022-10-12,395.82563088493197
2022-10-13,396.2550014297769
2022-10-14,396.4716312159475
2022-10-15,333.7162706405304
2022-10-16,333.8852637093219
2022-10-17,394.21885431137366
2022-10-18,396.0884178008231
2022-10-19,397.06788061109637
2022-10-20,397.7167092457983
2022-10-21,398.1279511332538
2022-10-22,335.4374851187538
2022-10-23,335.74030861988444
2022-10-24,396.26962111091194
2022-10-25,398.2046682486985
2022-10-26,399.2110136492696
2022-10-27,399.849224774328
2022-10-28,400.2136822744858
2022-10-29,337.3415093928493
2022-10-30,337.5331364200151
2022-10-31,398.02120026799764
2022-11-01,399.79885407918806
2022-11-02,400.6294371339487
2022-11-03,401.0801101132065
2022-11-04,401.251414403161
2022-11-05,338.0855835845398
2022-11-06,338.091887021116
2022-11-07,398.5044616120679
2022-11-08,400.13104864913146
2022-11-09,400.83274543336114
2022-11-10,401.18200272759384
2022-11-11,401.2830969131054
2022-11-12,337.9797230756172
2022-11-13,337.98582684925856
2022-11-14,398.5316941570521
2022-11-15,400.23328621716473
2022-11-16,401.04295894141643
2022-11-17,401.5314229043386
2022-11-18,401.7994609443596
2022-11-19,338.58484796023413
2022-11-20,338.7994986652311
2022-11-21,399.6632261452589
2022-11-22,401.5938975477733
2022-11-23,402.6300235785979
2022-11-24,403.3362587961506
2022-11-25,403.8066387689633
2022-11-26,340.67077720257043
2022-11-27,341.0380303765533
2022-11-28,402.1181764798997
2022-11-29,404.13243058991657
2022-11-30,405.2086022887299
2022-12-01,405.9094923286382
2022-12-02,406.3276927868877
2022-12-03,342.99077753900207
2022-12-04,343.21295342884497
2022-12-05,404.20168907254333
2022-12-06,405.98942098938045
2022-12-07,406.80179278775887
2022-12-08,407.20814452956375
2022-12-09,407.3077916454189
2022-12-10,343.5338315597179
2022-12-11,343.41269709848575
2022-12-12,404.15574653053113
2022-12-13,405.6115170183217
2022-12-14,406.1076237963942
2022-12-15,406.2226401770907
2022-12-16,406.06390930904604
2022-12-17,341.96975996423686
2022-12-18,341.67757673930487
2022-12-19,402.39958298832806
2022-12-20,403.795735507113
2022-12-21,404.29011126932795
2022-12-22,404.46372734006394
2022-12-23,404.4241889299322
2022-12-24,340.4063467638874
2022-12-25,340.34972301518496
2022-12-26,401.45791927494145
2022-12-27,403.1924204196977
2022-12-28,404.0644391625303
2022-12-29,404.6483300733626
2022-12-30,405.04344427728665
2022-12-31,341.3732865481294
2023-01-01,341.7731211177722
2023-01-02,403.4323790808943
2023-01-03,405.6095430591694
2023-01-04,406.900287320496
2023-01-05,407.8709723953193
2023-01-06,408.61288092977975
2023-01-07,345.1397125936437
2023-01-08,345.78595689448787
2023-01-09,407.73142391674367
2023-01-10,410.0371269456377
2023-01-11,411.3903040390659
2023-01-12,412.35723454971304
2023-01-13,413.02980116232584
2023-01-14,349.3209515987953
2023-01-15,349.77424360790417
2023-01-16,411.5694699700589
2023-01-17,413.5793389414265
2023-01-18,414.5918842254896
2023-01-19,415.1818033787112
2023-01-20,415.4492906987581
2023-01-21,351.21313368013693
2023-01-22,351.23191364612
2023-01-23,412.6898083207648
2023-01-24,414.2740159138611
2023-01-25,414.8752356290136
2023-01-26,415.0769248125668
2023-01-27,414.9865630530037
2023-01-28,350.3262785793248
2023-01-29,350.0664219868
2023-01-30,411.3908612830186
2023-01-31,412.79532137003235
2023-02-01,413.26683138546366
2023-02-02,413.39049176385805
2023-02-03,413.27350203695727
2023-02-04,348.53335678022233
2023-02-05,348.34462453935066
2023-02-06,409.88312980481373
2023-02-07,411.44542539606914
2023-02-08,412.10811414004115
2023-02-09,412.4516915032339
2023-02-10,412.5776113457145
2023-02-11,347.9940010314777
2023-02-12,348.0763604418752
2023-02-13,409.98988189087106
2023-02-14,411.83011062686154
2023-02-15,412.7628720075003
2023-02-16,413.36456764619624
2023-02-17,413.7323623789251
2023-02-18,349.2671780294917
2023-02-19,349.548844864213
2023-02-20,411.7356377138195
2023-02-21,413.72602433977863
2023-02-22,414.77979493071985
2023-02-23,415.474077299709
2023-02-24,415.906643050786
2023-02-25,351.3758818277105
2023-02-26,351.67090982240325
2023-02-27,413.94739974735205
2023-02-28,415.91034538619175
2023-03-01,416.91704621046404
2023-03-02,417.54818553599847
2023-03-03,417.90435420177386
2023-03-04,353.182824447394
2023-03-05,353.38325168210906
2023-03-06,415.65901456839316
2023-03-07,417.52106800971
2023-03-08,418.4235801240759
2023-03-09,418.9495550978877
2023-03-10,419.20080224211534
2023-03-11,354.271444685897
2023-03-12,354.3699511154431
2023-03-13,416.64528150949104
2023-03-14,418.4119595947139
2023-03-15,419.2191961023228
2023-03-16,419.6505493707711
2023-03-17,419.8075563263714
2023-03-18,354.67987677145834
2023-03-19,354.6843373026574
2023-03-20,416.9651030547314
2023-03-21,418.64001056111135
2023-03-22,419.3539093897069
2023-03-23,419.69174113243986
2023-03-24,419.7559324787154
2023-03-25,354.43295834526856
2023-03-26,354.3499670151467
2023-03-27,416.64809058230765
2023-03-28,418.2499836144665
2023-03-29,418.8980350137403
2023-03-30,419.18018133294066
2023-03-31,419.20111784355345
2023-04-01,353.7450402170046
2023-04-02,353.650419413851
2023-04-03,416.0555833578603
2023-04-04,417.68744930064724
2023-04-05,418.38532148331245
2023-04-06,418.7388350724901
2023-04-07,418.85313815667575
2023-04-08,353.40768092782986
2023-04-09,353.4498281267461
2023-04-10,416.1119670167684
2023-04-11,417.9215459754041
2023-04-12,418.8112958697061
2023-04-13,419.3688142581246
2023-04-14,419.69597430656455
2023-04-15,354.36371826094563
2023-04-16,354.62526609395366
2023-04-17,417.6040532154158
2023-04-18,419.62521459070507
2023-04-19,420.71307146425715
2023-04-20,421.45184296834077
2023-04-21,421.9394920555805
2023-04-22,356.63841041942806
2023-04-23,357.008891738019
2023-04-24,420.16709125016223
2023-04-25,422.23796829646597
2023-04-26,423.34074196840027
2023-04-27,424.06006897723097
2023-04-28,424.49438519269904
2023-04-29,359.00221766289417
2023-04-30,359.25644535663685
2023-05-01,422.37133491283424
2023-05-02,424.2768315671233
2023-05-03,425.19258301677723
2023-05-04,425.7088376425506
2023-05-05,425.9292805025796
2023-05-06,360.1126742611156
2023-05-07,360.1484252267259
2023-05-08,423.1517709891456
2023-05-09,424.8593603277487
2023-05-10,425.59252324713674
2023-05-11,425.94724588520086
2023-05-12,426.0316256633023
2023-05-13,360.0026877644843
2023-05-14,359.9639355655322
2023-05-15,423.02793637937583
2023-05-16,424.7333087815357
2023-05-17,425.49809676915
2023-05-18,425.9183521358298
2023-05-19,426.1004999681312
2023-05-20,360.0933296803153
2023-05-21,360.208344091749
2023-05-22,423.54910056306136
2023-05-23,425.44981065776926
2023-05-24,426.4197354072873
2023-05-25,427.04993297127663
2023-05-26,427.4408222935448
2023-05-27,361.5293123905391
2023-05-28,361.8326991987479
2023-05-29,425.44402315953
2023-05-30,427.4923641561181
2023-05-31,428.579030167662
2023-06-01,429.2918619046779
2023-06-02,429.7281019888768
2023-06-03,363.7164350303077
2023-06-04,363.9849861357429
2023-06-05,427.6217592547337
2023-06-06,429.5565204149547
2023-06-07,430.4893740900818
2023-06-08,431.0118528903986
2023-06-09,431.22505758569974
2023-06-10,364.85626270437467
2023-06-11,364.8514817731682
2023-06-12,428.2999905822491
2023-06-13,429.9376648813395
2023-06-14,430.568545869379
2023-06-15,430.7919813170369
2023-06-16,430.7160728836625
2023-06-17,363.9686026863554
2023-06-18,363.71475929556385
2023-06-19,427.04490087397807
2023-06-20,428.4993848966106
2023-06-21,428.98391127737875
2023-06-22,429.10217638689164
2023-06-23,428.9648644374084
2023-06-24,362.09484920866845
2023-06-25,361.87086792738717
2023-06-26,425.3778585963893
2023-06-27,426.9534829259662
2023-06-28,427.5981789224283
2023-06-29,427.91290583848354
2023-06-30,428.004005781213
2023-07-01,361.28269335349285
2023-07-02,361.33549227441284
2023-07-03,425.236474691846
2023-07-04,427.1156410319249
2023-07-05,428.06454653971144
2023-07-06,428.6786174973616
2023-07-07,429.05808671485397
2023-07-08,362.50163882001686
2023-07-09,362.80426254004306
2023-07-10,427.03054273526436
2023-07-11,429.1048766332801
2023-07-12,430.2133524144926
2023-07-13,430.94993109739335
2023-07-14,431.41348186721876
2023-07-15,364.79528481169217
2023-07-16,365.10480349759575
2023-07-17,429.40305089554676
2023-07-18,431.4145168744165
2023-07-19,432.425899735053
2023-07-20,433.0353975727201
2023-07-21,433.3458490388509
2023-07-22,366.4458039879519
2023-07-23,366.5637593583491
2023-07-24,430.7606838312368
2023-07-25,432.5636210368442
2023-07-26,433.3619872669066
2023-07-27,433.7593449782565
2023-07-28,433.86279854353324
2023-07-29,366.65749657355815
2023-07-30,366.5900335062303
2023-07-31,430.71937570738424
2023-08-01,432.37225944470305
2023-08-02,433.0379146860697
2023-08-03,433.32182540150916
2023-08-04,433.33164612455164
2023-08-05,365.9450957799935
2023-08-06,365.82330217169715
2023-08-07,430.01942108280474
2023-08-08,431.6559728969124
2023-08-09,432.31885279453644
2023-08-10,432.6125564137877
2023-08-11,432.64283440896895
2023-08-12,365.1778671208626
2023-08-13,365.0922408620903
2023-08-14,429.43244581164276
2023-08-15,431.1161785007377
2023-08-16,431.82637497327585
2023-08-17,432.1672510791094
2023-08-18,432.24378429447046
2023-08-19,364.71593485535703
2023-08-20,364.6738286226628
2023-08-21,429.15921582053255
2023-08-22,430.88667939198587
2023-08-23,431.63835952987455
2023-08-24,432.02010821749894
2023-08-25,432.13786046958387
2023-08-26,364.54466233697514
2023-08-27,364.54765316035275
2023-08-28,429.1846047940651
2023-08-29,430.96703442137624
2023-08-30,431.77636612162604
2023-08-31,432.21958984025184
2023-09-01,432.402687513827
2023-09-02,364.7703394390665
2023-09-03,364.84541512313604
2023-09-04,429.6598274064059
2023-09-05,431.5196603884743
2023-09-06,432.4036189266684
2023-09-07,432.9176743122496
2023-09-08,433.16578904300314
2023-09-09,365.4822333790148
2023-09-10,365.60433548737785
2023-09-11,430.55690302743506
2023-09-12,432.4394736488381
2023-09-13,433.32787844191586
2023-09-14,433.82730796726855
2023-09-15,434.04051101380037
2023-09-16,366.1925656051794
2023-09-17,366.23753650287756
2023-09-18,431.1955994261478
2023-09-19,432.96239603487027
2023-09-20,433.7144075226053
2023-09-21,434.05974213099256
2023-09-22,434.1038550637346
2023-09-23,365.96649734217914
2023-09-24,365.8228207201895
2023-09-25,430.69224546061156
2023-09-26,432.26982757235356
2023-09-27,432.83608732925796
2023-09-28,433.00479030604674
2023-09-29,432.88623294245474
2023-09-30,364.4961157478212
2023-10-01,364.23168583340146
2023-10-02,429.111462555111
2023-10-03,430.62862256921625
2023-10-04,431.1660476139445
2023-10-05,431.3405065716
2023-10-06,431.26370143922765
2023-10-07,362.8429707985573
2023-10-08,362.69322550622985
2023-10-09,427.8268099584666
2023-10-10,429.52907006093284
2023-10-11,430.27953512394464
2023-10-12,430.6920426067131
2023-10-13,430.8738553525194
2023-10-14,362.61819409165275
2023-10-15,362.75278960863176
2023-10-16,428.27919467285653
2023-10-17,430.27070806241426
2023-10-18,431.3005832138091
2023-10-19,431.97758228304207
2023-10-20,432.4033913396746
2023-10-21,364.25686792949926
2023-10-22,364.579895896077
2023-10-23,430.36530215622304
2023-10-24,432.4771325126048
2023-10-25,433.58659044410336
2023-10-26,434.30230865091045
2023-10-27,434.7260894835477
2023-10-28,366.42855760848846
2023-10-29,366.6728182355045
2023-10-30,432.4499606502165
2023-10-31,434.42153056241733
2023-11-01,435.3637771706459
2023-11-02,435.89183220583834
2023-11-03,436.11373770546345
2023-11-04,367.4971626435613
2023-11-05,367.5313709208773
2023-11-06,433.209333445499
2023-11-07,434.99231819382845
2023-11-08,435.76313484454016
2023-11-09,436.143551902312
2023-11-10,436.2467429996899
2023-11-11,367.43491816803345
2023-11-12,367.42031880909786
2023-11-13,433.19318140239005
2023-11-14,435.00859503965387
2023-11-15,435.84966223529955
2023-11-16,436.3377057067873
2023-11-17,436.5834734129941
2023-11-18,367.8357248437433
2023-11-19,368.02213643038084
2023-11-20,434.12249492744826
2023-11-21,436.1780746750591
2023-11-22,437.2656998142267
2023-11-23,438.000318161027
2023-11-24,438.4852917953074
2023-11-25,369.85192470398675
2023-11-26,370.24106989434205
2023-11-27,436.62079942982473
2023-11-28,438.81838991683145
2023-11-29,440.00607895753296
2023-11-30,440.7953649200817
2023-12-01,441.286473510062
2023-12-02,372.49856397897975
2023-12-03,372.7925755276874
2023-12-04,439.13236679963086
2023-12-05,441.1391533641815
2023-12-06,442.089522590987
2023-12-07,442.6006093503773
2023-12-08,442.77864866766726
2023-12-09,373.53944964520645
2023-12-10,373.47290866883196
2023-12-11,439.5465394945284
2023-12-12,441.18217842479305
2023-12-13,441.76683820873393
2023-12-14,441.92796786444546
2023-12-15,441.7811027839173
2023-12-16,372.14033608251265
2023-12-17,371.8251038480379
2023-12-18,437.8052343638276
2023-12-19,439.29997126687147
2023-12-20,439.8025025147546
2023-12-21,439.9447793818481
2023-12-22,439.8445492291367
2023-12-23,370.2058261467323
2023-12-24,370.0688180591139
2023-12-25,436.39587061251626
2023-12-26,438.19308428142375
2023-12-27,439.04955252520944
2023-12-28,439.59137753267333
2023-12-29,439.9284960660306
2023-12-30,370.6452343914263
2023-12-31,370.99428725829284
2024-01-01,437.9229252582016
2024-01-02,440.21743127196424
2024-01-03,441.5579886870696
2024-01-04,442.56139537359076
2024-01-05,443.3279203830734
2024-01-06,374.3218222564837
2024-01-07,375.0100576323883
2024-01-08,442.3278655548275
2024-01-09,444.8459800038908
2024-01-10,446.3418340277301
2024-01-11,447.4301967105734
2024-01-12,448.2100300420683
2024-01-13,379.0345951898254
2024-01-14,379.595336009947
2024-01-15,446.8257464607949
2024-01-16,449.09114202392027
2024-01-17,450.27670928759085
2024-01-18,451.0051926650455
2024-01-19,451.38366602929136
2024-01-20,381.66283985793547
2024-01-21,381.76659764981036
2024-01-22,448.633125584605
2024-01-23,450.42713950407506
2024-01-24,451.1454606329693
2024-01-25,451.4210602374964
2024-01-26,451.3698698367901
2024-01-27,381.13913192860053
2024-01-28,380.88331276903926
2024-01-29,447.54172492540107
2024-01-30,449.073360194663
2024-01-31,449.5809211094022
2024-02-01,449.7007667650394
2024-02-02,449.55010310085447
2024-02-03,379.1644133616263
2024-02-04,378.9206365343132
2024-02-05,445.75064480224216
2024-02-06,447.3989296306472
2024-02-07,448.06607892818147
2024-02-08,448.3841872798739
2024-02-09,448.4647504739296
2024-02-10,378.2251570856337
2024-02-11,378.25993332785066
2024-02-12,445.4893153599539
2024-02-13,447.4398871917442
2024-02-14,448.4083227916885
2024-02-15,449.02163401089547
2024-02-16,449.38589255895414
2024-02-17,379.30155666072545
2024-02-18,379.58337656012765
2024-02-19,447.1430989808632
2024-02-20,449.292965226475
2024-02-21,450.43036460646175
2024-02-22,451.1821396573428
2024-02-23,451.6541308695087
2024-02-24,381.5350119393134
2024-02-25,381.86538080673233
2024-02-26,449.5535935861196
2024-02-27,451.7020239015295
2024-02-28,452.81329848345314
2024-02-29,453.5179313564312
2024-03-01,453.92476656238716
2024-03-02,383.6130988235569
2024-03-03,383.85159925370914
2024-03-04,451.5464140286458
2024-03-05,453.59023589161944
2024-03-06,454.59094946501597
2024-03-07,455.18202186604736
2024-03-08,455.47407128285954
2024-03-09,384.9351932010442
2024-03-10,385.0605010576577
2024-03-11,452.7517370433158
2024-03-12,454.6892995610423
2024-03-13,455.58419664872855
2024-03-14,456.0706649115894
2024-03-15,456.2591115632392
2024-03-16,385.50456000528135
2024-03-17,385.52755537438424
2024-03-18,453.2244792221908
2024-03-19,455.06260099098995
2024-03-20,455.8561449486651
2024-03-21,456.24049990777763
2024-03-22,456.3266631711386
2024-03-23,385.35759325884425
2024-03-24,385.28110338225144
2024-03-25,452.9899454769322
2024-03-26,454.7398354990996
2024-03-27,455.4503329851932
2024-03-28,455.75991078014744
2024-03-29,455.78195506533814
2024-03-30,384.64875901761843
2024-03-31,384.53699685892997
2024-04-01,452.3366341973151
2024-04-02,454.09189366997475
2024-04-03,454.82768760032815
2024-04-04,455.1848790839185
2024-04-05,455.277975891998
2024-04-06,384.1265999372782
2024-04-07,384.13425126773126
2024-04-08,452.1852273215589
2024-04-09,454.1086288260371
2024-04-10,455.0312225596281
2024-04-11,455.59235761298515
2024-04-12,455.9036175677897
2024-04-13,384.86771569027803
2024-04-14,385.1113591422345
2024-04-15,453.5094400064664
2024-04-16,455.67224091235204
2024-04-17,456.8256412543767
2024-04-18,457.60516128656843
2024-04-19,458.1178201909938
2024-04-20,387.148363166974
2024-04-21,387.5469676981936
2024-04-22,456.17987481985074
2024-04-23,458.4398390488554
2024-04-24,459.6544589833893
2024-04-25,460.4586730382754
2024-04-26,460.95891272969334
2024-04-27,389.8264034116692
2024-04-28,390.1402902376417
2024-04-29,458.7637162370065
2024-04-30,460.87740945129843
2024-05-01,461.9167819672691
2024-05-02,462.52208075831396
2024-05-03,462.80482830448705
2024-05-04,391.32786659803895
2024-05-05,391.40443739324553
2024-05-06,459.89869854750697
2024-05-07,461.7823579782434
2024-05-08,462.6012335730701
2024-05-09,463.00233908785845
2024-05-10,463.10270973576075
2024-05-11,391.35598962123754
2024-05-12,391.3081544695749
2024-05-13,459.821627305763
2024-05-14,461.6550528067309
2024-05-15,462.4602035611879
2024-05-16,462.88547499537555
2024-05-17,463.0473857494532
2024-05-18,391.28369217407425
2024-05-19,391.3666126046005
2024-05-20,460.14985378778255
2024-05-21,462.1717475064716
2024-05-22,463.18349085531094
2024-05-23,463.8285944515231
2024-05-24,464.2173861815795
2024-05-25,392.56664088775614
2024-05-26,392.87113645606877
2024-05-27,461.97283791879966
2024-05-28,464.1875225201221
2024-05-29,465.3652170064471
2024-05-30,466.14499034156455
2024-05-31,466.6326147699341
2024-06-01,394.9265059365298
2024-06-02,395.2482366199396
2024-06-03,464.43291212391523
2024-06-04,466.57919662897405
2024-06-05,467.64260288822004
2024-06-06,468.26482190889874
2024-06-07,468.5545136185912
2024-06-08,396.4991918300183
2024-06-09,396.5551874142147
2024-06-10,465.55814222524157
2024-06-11,467.39627686837554
2024-06-12,468.1371510584446
2024-06-13,468.4307196260963
2024-06-14,468.39325883844566
2024-06-15,395.9048990303364
2024-06-16,395.6596316470025
2024-06-17,464.494980103792
2024-06-18,466.0885081333995
2024-06-19,466.61885144541986
2024-06-20,466.74188746485606
2024-06-21,466.57801432192156
2024-06-22,393.8952506853836
2024-06-23,393.62009905796936
2024-06-24,462.58566226132007
2024-06-25,464.25159138224467
2024-06-26,464.9003731772549
2024-06-27,465.18616108231816
2024-06-28,465.22575874132036
2024-06-29,392.6673112246051
2024-06-30,392.66291011955997
2024-07-01,462.03446126727573
2024-07-02,464.01727419674063
2024-07-03,464.9925585123907
2024-07-04,465.6083968861181
2024-07-05,465.97468733399546
2024-07-06,393.6173230986585
2024-07-07,393.9132741221882
2024-07-08,463.67333810746646
2024-07-09,465.9093851640587
2024-07-10,467.1038188146213
2024-07-11,467.90196757582436
2024-07-12,468.41103799594174
2024-07-13,396.03948444324124
2024-07-14,396.3951184788225
2024-07-15,466.283707260823
2024-07-16,468.49974151677594
2024-07-17,469.63349726867114
2024-07-18,470.33402949541994
2024-07-19,470.71212615258116
2024-07-20,398.06453857429545
2024-07-21,398.2356727971685
2024-07-22,468.03103142683176
2024-07-23,470.0314362483933
2024-07-24,470.9384186056503
2024-07-25,471.4071133181435
2024-07-26,471.553340415075
2024-07-27,398.56251950797576
2024-07-28,398.5156626276203
2024-07-29,468.2168260562104
2024-07-30,470.03089203962685
2024-07-31,470.76818635216335
2024-08-01,471.0867310890906
2024-08-02,471.1037292378864
2024-08-03,397.88911720882015
2024-08-04,397.756689871807
2024-08-05,467.5048144634662
2024-08-06,469.2779367917596
2024-08-07,469.99135930442634
2024-08-08,470.3023168550115
2024-08-09,470.3261185147125
2024-08-10,397.01424537629634
2024-08-11,396.91136851172524
2024-08-12,466.8084839546263
2024-08-13,468.62819889068754
2024-08-14,469.3904805445567
2024-08-15,469.75188445837034
2024-08-16,469.8264690565765
